"0","prices <- data$x # Replace 'Close' with the actual column name for closing prices"
"0","dates <- data$...1   # Replace 'Date' with the actual column name for dates if present and needed for indexing"
"0",""
"0",""
"0","# 2. Convert to time series object"
"0","# We'll assume the data is weekly and ordered chronologically in the CSV."
"0","# If the index needs resetting to integers as suggested (though not strictly necessary for HoltWinters),"
"0","# we can create a simple index."
"0","time_series_data <- ts(prices)"
"0",""
"0","# If you wanted to explicitly reset the time index to integers (as hinted in the question), though not strictly needed for HoltWinters:"
"0","# index_values <- 1:length(time_series_data)"
"0","# time_series_data <- ts(prices, index = index_values) # Not needed for HoltWinters in this case but showing how index could be adjusted."
"0",""
"0",""
"0","# 3. Plot the original time series data"
"0","plot(time_series_data, main=""Accenture Weekly Closing Prices"", ylab=""Price"", xlab=""Time (Weeks)"")"
