"0",""
"0",""
"0","# 5. Apply Simple Exponential Smoothing using HoltWinters"
"0","# To perform simple exponential smoothing with HoltWinters, set beta=FALSE and gamma=FALSE"
"0","simple_exp_smoothing <- HoltWinters(time_series_data, beta=FALSE, gamma=FALSE)"
"0",""
"0","# Print the HoltWinters object to see the parameters and results"
"0","print(simple_exp_smoothing)"
"1","Holt-Winters exponential smoothing"
"1"," "
"1","without"
"1"," "
"1","trend and"
"1"," "
"1","without"
"1"," "
"1","seasonal component."
"1","

Call:
"
"1",""
"1","HoltWinters(x = time_series_data, beta = FALSE, gamma = FALSE)"
"1",""
"1","

"
"1","Smoothing parameters:
"
"1"," alpha: "
"1",""
"1","0.9135603"
"1",""
"1","
"
"1"," beta : "
"1",""
"1","FALSE"
"1",""
"1","
"
"1"," gamma: "
"1",""
"1","FALSE"
"1",""
"1","

"
"1","Coefficients:
"
"1"," "
"1","     [,1]"
"1","
a"
"1"," 85.00873"
"1","
"
"0","# Part (a) - Analyze the fitted series and choose the best description."
"0","# 6. Plot the HoltWinters object (fitted series)"
"0","plot(simple_exp_smoothing, main=""Simple Exponential Smoothing Fitted Series vs. Original Data"")"
